{"num_warps": 4, "num_stages": 3, "ctime": {"ttir": 1721964775.010221, "ttgir": 1721964775.014221, "llir": 1721964775.0182211, "ptx": 1721964775.0822213, "cubin": 1721964775.182222}, "shared": 512, "name": "amax_kernel_1_0d1d2d"}