{"num_warps": 4, "num_stages": 3, "ctime": {"ttir": 1720767180.0282788, "ttgir": 1720767180.0322788, "llir": 1720767180.040279, "ptx": 1720767180.0922782, "cubin": 1720767180.184277}, "shared": 1024, "name": "mean_kernel_1_0d1d2"}