{"num_warps": 4, "num_stages": 3, "ctime": {"ttir": 1721964774.5942192, "ttgir": 1721964774.5982192, "llir": 1721964774.6102192, "ptx": 1721964774.6822195, "cubin": 1721964774.79422}, "shared": 512, "name": "amax_kernel_0d1d23"}