{"num_warps": 4, "num_stages": 3, "ctime": {"ttir": 1720771135.337238, "ttgir": 1720771135.341238, "llir": 1720771135.3492382, "ptx": 1720771135.401238, "cubin": 1720771135.4972374}, "shared": 1024, "name": "sum_kernel_2_0d1d2"}