{"num_warps": 4, "num_stages": 3, "ctime": {"ttir": 1720771134.80124, "ttgir": 1720771134.80124, "llir": 1720771134.8092399, "ptx": 1720771134.8612397, "cubin": 1720771134.9492395}, "shared": 1024, "name": "sum_kernel_1_0d1d2"}