{"num_warps": 4, "num_stages": 3, "ctime": {"ttir": 1721889562.3206458, "ttgir": 1721889562.332646, "llir": 1721889562.3926458, "ptx": 1721889562.4646456, "cubin": 1721889562.5686455}, "shared": 0, "name": "rand_kernel_0d1d23"}