{"num_warps": 4, "num_stages": 3, "ctime": {"ttir": 1721889475.0288055, "ttgir": 1721889475.0328054, "llir": 1721889475.0408053, "ptx": 1721889475.1088054, "cubin": 1721889475.2128053}, "shared": 0, "name": "silu_kernel_0d1d2d"}