{"num_warps": 4, "num_stages": 3, "ctime": {"ttir": 1720413989.7949715, "ttgir": 1720413989.7989714, "llir": 1720413989.8029714, "ptx": 1720413989.8549712, "cubin": 1720413989.9469707}, "shared": 0, "name": "add_kernel_0d1d2d3d"}