{"num_warps": 4, "num_stages": 3, "ctime": {"ttir": 1720767180.5762725, "ttgir": 1720767180.5802724, "llir": 1720767180.5842724, "ptx": 1720767180.6322718, "cubin": 1720767180.7242708}, "shared": 1024, "name": "mean_kernel_2_0d1d23d"}