{"num_warps": 4, "num_stages": 3, "ctime": {"ttir": 1721889388.128922, "ttgir": 1721889388.132922, "llir": 1721889388.1369221, "ptx": 1721889388.200922, "cubin": 1721889388.2969217}, "shared": 0, "name": "neg_kernel_0d1d2d"}