{"num_warps": 4, "num_stages": 3, "ctime": {"ttir": 1721962484.1815944, "ttgir": 1721962484.1855943, "llir": 1721962484.201594, "ptx": 1721962484.2655935, "cubin": 1721962484.3815925}, "shared": 0, "name": "triu_kernel_0d1d234d"}