{"num_warps": 4, "num_stages": 3, "ctime": {"ttir": 1721964775.4062228, "ttgir": 1721964775.4062228, "llir": 1721964775.4142227, "ptx": 1721964775.4862232, "cubin": 1721964775.5782235}, "shared": 512, "name": "amax_kernel_2_0d1d2"}