{"num_warps": 4, "num_stages": 3, "ctime": {"ttir": 1721889621.9165158, "ttgir": 1721889621.928516, "llir": 1721889622.0565157, "ptx": 1721889622.1445153, "cubin": 1721889622.256515}, "shared": 0, "name": "randn_kernel_0d123"}